member_id,first_name,last_name,grade,neighborhood,membership_status,join_date,checkout_id,book_id,checkout_date,return_date,title,author
1001,Salma,Ibrahim,8.0,Maadi,Active,2023-04-05,9025.0,525.0,2024-10-24,2024-11-07,Storms and Sailboats,Mahmoud Rafei
1002,Fares,Saleh,9.0,Maadi,Active,2025-01-22,9013.0,501.0,2024-02-16,2024-02-29,The Silver Kite,Amina Darwish
1002,Fares,Saleh,9.0,Maadi,Active,2025-01-22,9095.0,507.0,2024-06-25,2024-07-07,Fossils and Fireflies,Dalia Serry
1003,Bassel,Hegazy,6.0,Maadi,Active,2025-04-23,9051.0,513.0,2025-07-22,2025-08-18,Circuits for Beginners,Galal Mounir
1003,Bassel,Hegazy,6.0,Maadi,Active,2025-04-23,9068.0,501.0,2025-11-14,2025-12-03,The Silver Kite,Amina Darwish
1003,Bassel,Hegazy,6.0,Maadi,Active,2025-04-23,9074.0,501.0,2024-06-19,2024-07-06,The Silver Kite,Amina Darwish
1003,Bassel,Hegazy,6.0,Maadi,Active,2025-04-23,9071.0,503.0,2024-03-25,2024-04-09,The Lantern Maker,Adel Roushdy
1003,Bassel,Hegazy,6.0,Maadi,Active,2025-04-23,9103.0,513.0,2025-09-04,2025-09-25,Circuits for Beginners,Galal Mounir
1003,Bassel,Hegazy,6.0,Maadi,Active,2025-04-23,9050.0,521.0,2025-08-21,2025-01-11,A Garden of Equations,Karim Elwy
1003,Bassel,Hegazy,6.0,Maadi,Active,2025-04-23,9048.0,519.0,2024-12-03,2025-01-01,Kites Over Cairo,Jasmine Wahdan
1003,Bassel,Hegazy,6.0,Maadi,Active,2025-04-23,9088.0,519.0,2025-09-17,2025-10-03,Kites Over Cairo,Jasmine Wahdan
1003,Bassel,Hegazy,6.0,Maadi,Active,2025-04-23,9018.0,522.0,2025-06-12,2025-06-24,The Puzzle Merchant,Karim Elwy
1004,Fares,Wahba,7.0,Maadi,Inactive,2024-10-09,No Checkout,No Book,2025-07-11,2025-01-11,The Silver Kite,Amina Darwish
1005,Youssef,Halim,9.0,Maadi,Active,2024-05-05,9043.0,505.0,2024-01-26,2024-02-04,Letters to the Nile,Aya Hafez
1005,Youssef,Halim,9.0,Maadi,Active,2024-05-05,9066.0,513.0,2025-07-15,2025-07-31,Circuits for Beginners,Galal Mounir
1005,Youssef,Halim,9.0,Maadi,Active,2024-05-05,9029.0,507.0,2025-03-07,2025-03-29,Fossils and Fireflies,Dalia Serry
1006,Layla,Mansour,6.0,Maadi,Inactive,2024-02-12,9058.0,501.0,2025-03-18,2025-04-09,The Silver Kite,Amina Darwish
1007,Sherif,Fouad,6.0,Maadi,Active,2025-08-18,9072.0,513.0,2025-03-05,2025-04-01,Circuits for Beginners,Galal Mounir
1007,Sherif,Fouad,6.0,Maadi,Active,2025-08-18,9047.0,507.0,2024-10-11,2024-10-24,Fossils and Fireflies,Dalia Serry
1007,Sherif,Fouad,6.0,Maadi,Active,2025-08-18,9038.0,506.0,2024-07-15,2024-08-12,The Paper Boat Club,Aya Hafez
1008,Ziad,Saleh,8.0,Maadi,Active,2025-10-28,9005.0,513.0,2025-04-20,2025-04-29,Circuits for Beginners,Galal Mounir
1008,Ziad,Saleh,8.0,Maadi,Active,2025-10-28,9001.0,501.0,2025-08-23,2025-08-28,The Silver Kite,Amina Darwish
1008,Ziad,Saleh,8.0,Maadi,Active,2025-10-28,9091.0,525.0,2024-06-03,2024-06-12,Storms and Sailboats,Mahmoud Rafei
1008,Ziad,Saleh,8.0,Maadi,Active,2025-10-28,9053.0,516.0,2025-07-20,2025-08-08,The Beekeeper's Almanac,Hoda Bakry
1008,Ziad,Saleh,8.0,Maadi,Active,2025-10-28,9021.0,501.0,2025-05-22,2025-05-29,The Silver Kite,Amina Darwish
1008,Ziad,Saleh,8.0,Maadi,Active,2025-10-28,9007.0,507.0,2025-03-15,2025-03-31,Fossils and Fireflies,Dalia Serry
1008,Ziad,Saleh,8.0,Maadi,Active,2025-10-28,9073.0,513.0,2025-02-13,2025-01-11,Circuits for Beginners,Galal Mounir
1008,Ziad,Saleh,8.0,Maadi,Active,2025-10-28,9067.0,507.0,2024-01-05,2024-01-29,Fossils and Fireflies,Dalia Serry
1008,Ziad,Saleh,8.0,Maadi,Active,2025-10-28,9093.0,507.0,2025-03-22,2025-04-19,Fossils and Fireflies,Dalia Serry
1008,Ziad,Saleh,8.0,Maadi,Active,2025-10-28,9064.0,502.0,2025-06-12,2025-06-21,Desert Compass,Amina Darwish
1008,Ziad,Saleh,8.0,Maadi,Active,2025-10-28,9077.0,514.0,2024-07-28,2024-08-12,The Robot in Row Nine,Galal Mounir
1008,Ziad,Saleh,8.0,Maadi,Active,2025-10-28,9080.0,501.0,2024-03-20,2024-04-18,The Silver Kite,Amina Darwish
1008,Ziad,Saleh,8.0,Maadi,Active,2025-10-28,9037.0,509.0,2024-01-02,2024-01-22,Marbles and Mirrors,Diaa Sultan
1008,Ziad,Saleh,8.0,Maadi,Active,2025-10-28,9076.0,529.0,2025-12-12,2025-12-20,Riddles of the Red Sea,Sara Tantawy
1008,Ziad,Saleh,8.0,Maadi,Active,2025-10-28,9078.0,521.0,2024-09-21,2024-10-12,A Garden of Equations,Karim Elwy
1008,Ziad,Saleh,8.0,Maadi,Active,2025-10-28,9045.0,520.0,2024-05-28,2025-01-11,The Copper Telescope,Jasmine Wahdan
1008,Ziad,Saleh,8.0,Maadi,Active,2025-10-28,9079.0,520.0,2025-12-27,2026-01-05,The Copper Telescope,Jasmine Wahdan
1008,Ziad,Saleh,8.0,Maadi,Active,2025-10-28,9098.0,525.0,2024-12-15,2024-12-31,Storms and Sailboats,Mahmoud Rafei
1008,Ziad,Saleh,8.0,Maadi,Active,2025-10-28,9084.0,511.0,2024-06-27,2024-07-22,Winter in Alexandria,Farida Anwar
1009,Hassan,Saleh,6.0,Maadi,Active,2025-04-25,9010.0,513.0,2025-07-22,2025-08-16,Circuits for Beginners,Galal Mounir
1010,Nour,Nabil,6.0,Maadi,Active,2024-05-15,9082.0,528.0,2025-11-11,2025-11-18,The Glass Beehive,Mona Kholoussy
1010,Nour,Nabil,6.0,Maadi,Active,2024-05-15,9012.0,501.0,2025-02-17,2025-01-11,The Silver Kite,Amina Darwish
1010,Nour,Nabil,6.0,Maadi,Active,2024-05-15,9056.0,519.0,2025-07-11,2025-07-27,Kites Over Cairo,Jasmine Wahdan
1010,Nour,Nabil,6.0,Maadi,Active,2024-05-15,9036.0,515.0,2024-11-27,2024-12-24,Songs of the Oasis,Hoda Bakry
1010,Nour,Nabil,6.0,Maadi,Active,2024-05-15,9100.0,513.0,2025-08-27,2025-09-22,Circuits for Beginners,Galal Mounir
1010,Nour,Nabil,6.0,Maadi,Active,2024-05-15,9024.0,507.0,2025-01-27,2025-02-09,Fossils and Fireflies,Dalia Serry
1010,Nour,Nabil,6.0,Maadi,Active,2024-05-15,9008.0,520.0,2025-08-11,2025-01-11,The Copper Telescope,Jasmine Wahdan
1010,Nour,Nabil,6.0,Maadi,Active,2024-05-15,9015.0,507.0,2025-09-02,2025-09-14,Fossils and Fireflies,Dalia Serry
1010,Nour,Nabil,6.0,Maadi,Active,2024-05-15,9049.0,514.0,2025-09-08,2025-01-11,The Robot in Row Nine,Galal Mounir
1010,Nour,Nabil,6.0,Maadi,Active,2024-05-15,9069.0,505.0,2024-06-14,2024-07-10,Letters to the Nile,Aya Hafez
1010,Nour,Nabil,6.0,Maadi,Active,2024-05-15,9102.0,502.0,2024-10-05,2025-01-11,Desert Compass,Amina Darwish
1010,Nour,Nabil,6.0,Maadi,Active,2024-05-15,9022.0,507.0,2025-11-14,2025-12-03,Fossils and Fireflies,Dalia Serry
1010,Nour,Nabil,6.0,Maadi,Active,2024-05-15,9089.0,507.0,2025-06-22,2025-07-22,Fossils and Fireflies,Dalia Serry
1010,Nour,Nabil,6.0,Maadi,Active,2024-05-15,9062.0,520.0,2024-07-28,2024-08-26,The Copper Telescope,Jasmine Wahdan
1010,Nour,Nabil,6.0,Maadi,Active,2024-05-15,9041.0,506.0,2025-02-22,2025-03-19,The Paper Boat Club,Aya Hafez
1010,Nour,Nabil,6.0,Maadi,Active,2024-05-15,9060.0,527.0,2024-05-20,2024-05-28,Notes from the Delta,Mona Kholoussy
1010,Nour,Nabil,6.0,Maadi,Active,2024-05-15,9042.0,509.0,2024-02-28,2025-01-11,Marbles and Mirrors,Diaa Sultan
1010,Nour,Nabil,6.0,Maadi,Active,2024-05-15,9014.0,519.0,2024-06-28,2024-07-20,Kites Over Cairo,Jasmine Wahdan
1011,Menna,Halim,8.0,Maadi,Active,2024-04-22,9032.0,501.0,2024-11-24,2024-12-11,The Silver Kite,Amina Darwish
1011,Menna,Halim,8.0,Maadi,Active,2024-04-22,9083.0,516.0,2025-10-02,2025-10-09,The Beekeeper's Almanac,Hoda Bakry
1012,Ali,Hegazy,7.0,Maadi,Active,2025-12-08,No Checkout,No Book,2025-07-11,2025-01-11,The Silver Kite,Amina Darwish
1013,Ziad,Fouad,8.0,Maadi,Active,2025-06-27,9004.0,519.0,2025-07-27,2025-08-16,Kites Over Cairo,Jasmine Wahdan
1013,Ziad,Fouad,8.0,Maadi,Active,2025-06-27,9054.0,510.0,2024-11-21,2025-01-11,The Missing Metronome,Diaa Sultan
1014,Habiba,Nabil,6.0,Maadi,Active,2024-07-09,9019.0,513.0,2024-03-06,2024-03-23,Circuits for Beginners,Galal Mounir
1015,Hamza,Sabry,7.0,Maadi,Inactive,2025-08-13,9034.0,511.0,2025-10-13,2025-01-11,Winter in Alexandria,Farida Anwar
1015,Hamza,Sabry,7.0,Maadi,Inactive,2025-08-13,9003.0,501.0,2024-08-04,2024-08-13,The Silver Kite,Amina Darwish
1015,Hamza,Sabry,7.0,Maadi,Inactive,2025-08-13,9055.0,525.0,2025-08-08,2025-08-27,Storms and Sailboats,Mahmoud Rafei
1016,Dina,Rashad,8.0,Maadi,Active,2023-04-24,9020.0,506.0,2024-04-15,2024-05-04,The Paper Boat Club,Aya Hafez
1016,Dina,Rashad,8.0,Maadi,Active,2023-04-24,9040.0,529.0,2025-01-23,2025-02-11,Riddles of the Red Sea,Sara Tantawy
1016,Dina,Rashad,8.0,Maadi,Active,2023-04-24,9090.0,507.0,2025-02-18,2025-03-04,Fossils and Fireflies,Dalia Serry
1016,Dina,Rashad,8.0,Maadi,Active,2023-04-24,9059.0,518.0,2025-06-28,2025-07-27,The Ninth Lighthouse,Hani Nagati
1016,Dina,Rashad,8.0,Maadi,Active,2023-04-24,9061.0,505.0,2025-04-28,2025-05-20,Letters to the Nile,Aya Hafez
1016,Dina,Rashad,8.0,Maadi,Active,2023-04-24,9065.0,509.0,2024-12-21,2025-01-11,Marbles and Mirrors,Diaa Sultan
1016,Dina,Rashad,8.0,Maadi,Active,2023-04-24,9016.0,527.0,2024-12-03,2024-12-11,Notes from the Delta,Mona Kholoussy
1017,Adam,Badr,9.0,Maadi,Active,2025-07-12,9028.0,507.0,2025-01-19,2025-01-28,Fossils and Fireflies,Dalia Serry
1017,Adam,Badr,9.0,Maadi,Active,2025-07-12,9081.0,502.0,2025-08-25,2025-09-17,Desert Compass,Amina Darwish
1018,Ahmed,Shafik,9.0,Maadi,Active,2023-01-28,9097.0,501.0,2025-10-05,2025-10-14,The Silver Kite,Amina Darwish
1018,Ahmed,Shafik,9.0,Maadi,Active,2023-01-28,9030.0,507.0,2025-03-09,2025-01-11,Fossils and Fireflies,Dalia Serry
1018,Ahmed,Shafik,9.0,Maadi,Active,2023-01-28,9063.0,515.0,2024-10-22,2025-01-11,Songs of the Oasis,Hoda Bakry
1018,Ahmed,Shafik,9.0,Maadi,Active,2023-01-28,9070.0,513.0,2025-01-08,2025-02-01,Circuits for Beginners,Galal Mounir
1018,Ahmed,Shafik,9.0,Maadi,Active,2023-01-28,9075.0,510.0,2024-07-01,2025-01-11,The Missing Metronome,Diaa Sultan
1018,Ahmed,Shafik,9.0,Maadi,Active,2023-01-28,9027.0,519.0,2024-11-04,2025-01-11,Kites Over Cairo,Jasmine Wahdan
1018,Ahmed,Shafik,9.0,Maadi,Active,2023-01-28,9017.0,519.0,2024-08-06,2024-08-11,Kites Over Cairo,Jasmine Wahdan
1018,Ahmed,Shafik,9.0,Maadi,Active,2023-01-28,9378.0,501.0,2024-09-05,2024-09-21,The Silver Kite,Amina Darwish
1018,Ahmed,Shafik,9.0,Maadi,Active,2023-01-28,9006.0,507.0,2025-06-26,2025-07-01,Fossils and Fireflies,Dalia Serry
1018,Ahmed,Shafik,9.0,Maadi,Active,2023-01-28,9104.0,507.0,2024-05-15,2025-01-11,Fossils and Fireflies,Dalia Serry
1018,Ahmed,Shafik,9.0,Maadi,Active,2023-01-28,9099.0,506.0,2025-10-10,2025-11-09,The Paper Boat Club,Aya Hafez
1018,Ahmed,Shafik,9.0,Maadi,Active,2023-01-28,9086.0,501.0,2024-06-20,2024-06-29,The Silver Kite,Amina Darwish
1018,Ahmed,Shafik,9.0,Maadi,Active,2023-01-28,9044.0,503.0,2024-10-07,2025-01-11,The Lantern Maker,Adel Roushdy
1018,Ahmed,Shafik,9.0,Maadi,Active,2023-01-28,9023.0,503.0,2025-08-04,2025-08-27,The Lantern Maker,Adel Roushdy
1018,Ahmed,Shafik,9.0,Maadi,Active,2023-01-28,9026.0,506.0,2025-04-21,2025-05-04,The Paper Boat Club,Aya Hafez
1018,Ahmed,Shafik,9.0,Maadi,Active,2023-01-28,9085.0,525.0,2025-08-19,2025-09-18,Storms and Sailboats,Mahmoud Rafei
1018,Ahmed,Shafik,9.0,Maadi,Active,2023-01-28,9039.0,513.0,2024-07-21,2024-08-10,Circuits for Beginners,Galal Mounir
1019,Mostafa,Wahba,6.0,Maadi,Inactive,2024-07-20,9092.0,507.0,2025-03-20,2025-03-27,Fossils and Fireflies,Dalia Serry
1019,Mostafa,Wahba,6.0,Maadi,Inactive,2024-07-20,9052.0,501.0,2024-06-20,2024-06-29,The Silver Kite,Amina Darwish
1019,Mostafa,Wahba,6.0,Maadi,Inactive,2024-07-20,9052.0,501.0,2024-06-20,2024-06-29,The Silver Kite,Amina Darwish
1020,Rana,Fouad,6.0,Maadi,Active,2025-12-04,9031.0,530.0,2025-12-28,2026-01-05,The Sandstone Key,Sara Tantawy
1020,Rana,Fouad,6.0,Maadi,Active,2025-12-04,9101.0,532.0,2025-05-25,2025-06-15,The Last Bookmark,Samir Zohdy
1020,Rana,Fouad,6.0,Maadi,Active,2025-12-04,9057.0,519.0,2025-02-03,2025-01-11,Kites Over Cairo,Jasmine Wahdan
1020,Rana,Fouad,6.0,Maadi,Active,2025-12-04,9033.0,522.0,2025-02-26,2025-03-11,The Puzzle Merchant,Karim Elwy
1020,Rana,Fouad,6.0,Maadi,Active,2025-12-04,9087.0,511.0,2025-12-03,2025-12-13,Winter in Alexandria,Farida Anwar
1020,Rana,Fouad,6.0,Maadi,Active,2025-12-04,9035.0,501.0,2024-08-01,2024-08-23,The Silver Kite,Amina Darwish
1020,Rana,Fouad,6.0,Maadi,Active,2025-12-04,9002.0,515.0,2024-12-06,2024-12-11,Songs of the Oasis,Hoda Bakry
1021,Fares,Fouad,8.0,Maadi,Active,2023-05-14,No Checkout,No Book,2025-07-11,2025-01-11,The Silver Kite,Amina Darwish
1022,Youssef,Fouad,7.0,Maadi,Active,2025-02-28,9380.0,513.0,2024-04-22,2024-04-28,Circuits for Beginners,Galal Mounir
1022,Youssef,Fouad,7.0,Maadi,Active,2025-02-28,9094.0,527.0,2024-11-22,2024-12-08,Notes from the Delta,Mona Kholoussy
1022,Youssef,Fouad,7.0,Maadi,Active,2025-02-28,9046.0,513.0,2024-02-22,2025-01-11,Circuits for Beginners,Galal Mounir
1022,Youssef,Fouad,7.0,Maadi,Active,2025-02-28,9009.0,506.0,2025-04-28,2025-05-04,The Paper Boat Club,Aya Hafez
1022,Youssef,Fouad,7.0,Maadi,Active,2025-02-28,9096.0,501.0,2025-02-17,2025-03-17,The Silver Kite,Amina Darwish
1022,Youssef,Fouad,7.0,Maadi,Active,2025-02-28,9011.0,513.0,2024-03-17,2025-01-11,Circuits for Beginners,Galal Mounir
1023,Hassan,Rashad,8.0,Nasr City,Inactive,2025-01-22,9188.0,507.0,2025-05-11,2025-06-08,Fossils and Fireflies,Dalia Serry
1024,Youssef,Hegazy,8.0,Nasr City,Inactive,2024-01-04,9127.0,506.0,2025-06-13,2025-01-11,The Paper Boat Club,Aya Hafez
1024,Youssef,Hegazy,8.0,Nasr City,Inactive,2024-01-04,9144.0,501.0,2025-11-07,2025-11-25,The Silver Kite,Amina Darwish
1024,Youssef,Hegazy,8.0,Nasr City,Inactive,2024-01-04,9143.0,518.0,2025-10-02,2025-01-11,The Ninth Lighthouse,Hani Nagati
1024,Youssef,Hegazy,8.0,Nasr City,Inactive,2024-01-04,9124.0,525.0,2025-10-14,2025-11-13,Storms and Sailboats,Mahmoud Rafei
1024,Youssef,Hegazy,8.0,Nasr City,Inactive,2024-01-04,9376.0,518.0,2025-10-22,2025-11-04,The Ninth Lighthouse,Hani Nagati
1024,Youssef,Hegazy,8.0,Nasr City,Inactive,2024-01-04,9128.0,501.0,2025-06-12,2025-06-19,The Silver Kite,Amina Darwish
1024,Youssef,Hegazy,8.0,Nasr City,Inactive,2024-01-04,9194.0,513.0,2024-09-17,2024-10-09,Circuits for Beginners,Galal Mounir
1024,Youssef,Hegazy,8.0,Nasr City,Inactive,2024-01-04,9119.0,518.0,2025-02-26,2025-03-15,The Ninth Lighthouse,Hani Nagati
1024,Youssef,Hegazy,8.0,Nasr City,Inactive,2024-01-04,9130.0,503.0,2025-09-04,2025-09-17,The Lantern Maker,Adel Roushdy
1024,Youssef,Hegazy,8.0,Nasr City,Inactive,2024-01-04,9178.0,518.0,2025-08-21,2025-09-04,The Ninth Lighthouse,Hani Nagati
1024,Youssef,Hegazy,8.0,Nasr City,Inactive,2024-01-04,9195.0,507.0,2025-02-22,2025-03-17,Fossils and Fireflies,Dalia Serry
1024,Youssef,Hegazy,8.0,Nasr City,Inactive,2024-01-04,9107.0,505.0,2024-09-24,2024-10-12,Letters to the Nile,Aya Hafez
1024,Youssef,Hegazy,8.0,Nasr City,Inactive,2024-01-04,9108.0,507.0,2025-02-02,2025-02-27,Fossils and Fireflies,Dalia Serry
1024,Youssef,Hegazy,8.0,Nasr City,Inactive,2024-01-04,9150.0,507.0,2025-10-14,2025-10-24,Fossils and Fireflies,Dalia Serry
1024,Youssef,Hegazy,8.0,Nasr City,Inactive,2024-01-04,9194.0,513.0,2024-09-17,2024-10-09,Circuits for Beginners,Galal Mounir
1024,Youssef,Hegazy,8.0,Nasr City,Inactive,2024-01-04,9174.0,528.0,2025-12-16,2026-01-07,The Glass Beehive,Mona Kholoussy
1024,Youssef,Hegazy,8.0,Nasr City,Inactive,2024-01-04,9116.0,519.0,2025-01-10,2025-02-09,Kites Over Cairo,Jasmine Wahdan
1025,Hana,Nabil,8.0,Nasr  City,Active,2023-10-03,No Checkout,No Book,2025-07-11,2025-01-11,The Silver Kite,Amina Darwish
1026,Nada,Saleh,7.0,Nasr City,Inactive,2023-11-16,9184.0,501.0,2024-12-15,2025-01-11,The Silver Kite,Amina Darwish
1026,Nada,Saleh,7.0,Nasr City,Inactive,2023-11-16,9117.0,501.0,2025-09-13,2025-01-11,The Silver Kite,Amina Darwish
1026,Nada,Saleh,7.0,Nasr City,Inactive,2023-11-16,9185.0,519.0,2025-10-22,2025-11-01,Kites Over Cairo,Jasmine Wahdan
1027,Mostafa,Fouad,9.0,Nasr City,Active,2023-09-25,9113.0,507.0,2024-06-26,2024-07-08,Fossils and Fireflies,Dalia Serry
1027,Mostafa,Fouad,9.0,Nasr City,Active,2023-09-25,9111.0,510.0,2024-09-12,2024-10-03,The Missing Metronome,Diaa Sultan
1027,Mostafa,Fouad,9.0,Nasr City,Active,2023-09-25,9173.0,532.0,2025-03-10,2025-04-06,The Last Bookmark,Samir Zohdy
1027,Mostafa,Fouad,9.0,Nasr City,Active,2023-09-25,9148.0,532.0,2025-07-05,2025-07-26,The Last Bookmark,Samir Zohdy
1027,Mostafa,Fouad,9.0,Nasr City,Active,2023-09-25,9171.0,507.0,2025-05-23,2025-06-19,Fossils and Fireflies,Dalia Serry
1027,Mostafa,Fouad,9.0,Nasr City,Active,2023-09-25,9141.0,529.0,2025-02-09,2025-03-03,Riddles of the Red Sea,Sara Tantawy
1027,Mostafa,Fouad,9.0,Nasr City,Active,2023-09-25,9123.0,511.0,2025-03-23,2025-04-11,Winter in Alexandria,Farida Anwar
1027,Mostafa,Fouad,9.0,Nasr City,Active,2023-09-25,9142.0,516.0,2024-09-21,2024-10-14,The Beekeeper's Almanac,Hoda Bakry
1027,Mostafa,Fouad,9.0,Nasr City,Active,2023-09-25,9198.0,524.0,2024-10-03,2024-10-19,The Weaver's Daughter,Laila Shokry
1027,Mostafa,Fouad,9.0,Nasr City,Active,2023-09-25,9192.0,519.0,2025-09-26,2025-10-07,Kites Over Cairo,Jasmine Wahdan
1027,Mostafa,Fouad,9.0,Nasr City,Active,2023-09-25,9105.0,501.0,2025-03-05,2025-03-25,The Silver Kite,Amina Darwish
1027,Mostafa,Fouad,9.0,Nasr City,Active,2023-09-25,9183.0,532.0,2025-03-28,2025-04-10,The Last Bookmark,Samir Zohdy
1027,Mostafa,Fouad,9.0,Nasr City,Active,2023-09-25,9179.0,517.0,2024-11-19,2024-12-17,Shadows on the Corniche,Hani Nagati
1027,Mostafa,Fouad,9.0,Nasr City,Active,2023-09-25,9191.0,505.0,2024-08-05,2024-08-29,Letters to the Nile,Aya Hafez
1027,Mostafa,Fouad,9.0,Nasr City,Active,2023-09-25,9175.0,513.0,2025-03-04,2025-03-27,Circuits for Beginners,Galal Mounir
1027,Mostafa,Fouad,9.0,Nasr City,Active,2023-09-25,9121.0,522.0,2025-02-24,2025-03-14,The Puzzle Merchant,Karim Elwy
1027,Mostafa,Fouad,9.0,Nasr City,Active,2023-09-25,9177.0,513.0,2024-01-18,2025-01-11,Circuits for Beginners,Galal Mounir
1027,Mostafa,Fouad,9.0,Nasr City,Active,2023-09-25,9176.0,501.0,2024-11-08,2024-11-26,The Silver Kite,Amina Darwish
1028,Hassan,Adel,9.0,Nasr City,Active,2025-11-12,9155.0,525.0,2025-07-12,2025-07-18,Storms and Sailboats,Mahmoud Rafei
1028,Hassan,Adel,9.0,Nasr City,Active,2025-11-12,9147.0,512.0,2025-10-05,2025-11-01,The Cartographer's Cat,Farida Anwar
1028,Hassan,Adel,9.0,Nasr City,Active,2025-11-12,9167.0,503.0,2025-12-24,2026-01-02,The Lantern Maker,Adel Roushdy
1029,Rana,Kamel,6.0,Nasr City,Active,2023-04-03,No Checkout,No Book,2025-07-11,2025-01-11,The Silver Kite,Amina Darwish
1030,Reem,Osman,8.0,Nasr City,Active,2025-04-01,9152.0,525.0,2025-01-03,2025-01-11,Storms and Sailboats,Mahmoud Rafei
1030,Reem,Osman,8.0,Nasr City,Active,2025-04-01,9165.0,519.0,2025-03-27,2025-04-02,Kites Over Cairo,Jasmine Wahdan
1030,Reem,Osman,8.0,Nasr City,Active,2025-04-01,9162.0,519.0,2025-08-27,2025-09-11,Kites Over Cairo,Jasmine Wahdan
1030,Reem,Osman,8.0,Nasr City,Active,2025-04-01,9172.0,513.0,2025-05-04,2025-05-26,Circuits for Beginners,Galal Mounir
1030,Reem,Osman,8.0,Nasr City,Active,2025-04-01,9110.0,506.0,2024-05-14,2024-05-30,The Paper Boat Club,Aya Hafez
1030,Reem,Osman,8.0,Nasr City,Active,2025-04-01,9169.0,513.0,2025-11-25,2025-01-11,Circuits for Beginners,Galal Mounir
1030,Reem,Osman,8.0,Nasr City,Active,2025-04-01,9197.0,501.0,2025-11-26,2025-12-01,The Silver Kite,Amina Darwish
1030,Reem,Osman,8.0,Nasr City,Active,2025-04-01,9159.0,501.0,2024-12-11,2025-01-11,The Silver Kite,Amina Darwish
1030,Reem,Osman,8.0,Nasr City,Active,2025-04-01,9168.0,513.0,2025-09-13,2025-09-23,Circuits for Beginners,Galal Mounir
1030,Reem,Osman,8.0,Nasr City,Active,2025-04-01,9160.0,501.0,2024-06-20,2024-07-07,The Silver Kite,Amina Darwish
1030,Reem,Osman,8.0,Nasr City,Active,2025-04-01,9118.0,507.0,2024-05-12,2025-01-11,Fossils and Fireflies,Dalia Serry
1030,Reem,Osman,8.0,Nasr City,Active,2025-04-01,9154.0,525.0,2025-05-18,2025-05-26,Storms and Sailboats,Mahmoud Rafei
1030,Reem,Osman,8.0,Nasr City,Active,2025-04-01,9196.0,526.0,2025-01-15,2025-02-02,The Clockwork Orchard,Mahmoud Rafei
1030,Reem,Osman,8.0,Nasr City,Active,2025-04-01,9190.0,502.0,2025-12-04,2025-12-18,Desert Compass,Amina Darwish
1030,Reem,Osman,8.0,Nasr City,Active,2025-04-01,9153.0,530.0,2024-10-12,2024-10-26,The Sandstone Key,Sara Tantawy
1030,Reem,Osman,8.0,Nasr City,Active,2025-04-01,9136.0,532.0,2024-10-03,2024-10-20,The Last Bookmark,Samir Zohdy
1031,Ali,Fahmy,8.0,Nasr City,Active,2023-09-08,9112.0,521.0,2024-07-28,2024-08-22,A Garden of Equations,Karim Elwy
1032,Nada,Zaki,7.0,Nasr City,Active,2025-10-19,9129.0,513.0,2025-06-21,2025-06-29,Circuits for Beginners,Galal Mounir
1032,Nada,Zaki,7.0,Nasr City,Active,2025-10-19,9157.0,525.0,2024-03-04,2024-04-03,Storms and Sailboats,Mahmoud Rafei
1032,Nada,Zaki,7.0,Nasr City,Active,2025-10-19,9189.0,507.0,2025-12-08,2025-12-16,Fossils and Fireflies,Dalia Serry
1032,Nada,Zaki,7.0,Nasr City,Active,2025-10-19,9149.0,507.0,2025-02-09,2025-02-18,Fossils and Fireflies,Dalia Serry
1032,Nada,Zaki,7.0,Nasr City,Active,2025-10-19,9166.0,519.0,2024-01-15,2024-01-24,Kites Over Cairo,Jasmine Wahdan
1032,Nada,Zaki,7.0,Nasr City,Active,2025-10-19,9156.0,503.0,2025-02-13,2025-03-14,The Lantern Maker,Adel Roushdy
1033,Marwan,Wahba,7.0,Nasr City,Active,2023-02-22,No Checkout,No Book,2025-07-11,2025-01-11,The Silver Kite,Amina Darwish
1034,Aya,Wahba,9.0,Nasr City,Active,2025-01-22,9131.0,505.0,2025-12-16,2025-12-25,Letters to the Nile,Aya Hafez
1034,Aya,Wahba,9.0,Nasr City,Active,2025-01-22,9187.0,502.0,2024-08-11,2025-01-11,Desert Compass,Amina Darwish
1034,Aya,Wahba,9.0,Nasr City,Active,2025-01-22,9140.0,513.0,2025-03-06,2025-04-02,Circuits for Beginners,Galal Mounir
1034,Aya,Wahba,9.0,Nasr City,Active,2025-01-22,9186.0,516.0,2025-07-17,2025-08-03,The Beekeeper's Almanac,Hoda Bakry
1034,Aya,Wahba,9.0,Nasr City,Active,2025-01-22,9163.0,531.0,2025-12-28,2026-01-02,Voices in the Library,Samir Zohdy
1034,Aya,Wahba,9.0,Nasr City,Active,2025-01-22,9120.0,526.0,2025-06-06,2025-06-26,The Clockwork Orchard,Mahmoud Rafei
1034,Aya,Wahba,9.0,Nasr City,Active,2025-01-22,9193.0,519.0,2024-09-15,2024-10-01,Kites Over Cairo,Jasmine Wahdan
1034,Aya,Wahba,9.0,Nasr City,Active,2025-01-22,9115.0,502.0,2025-12-16,2026-01-15,Desert Compass,Amina Darwish
1034,Aya,Wahba,9.0,Nasr City,Active,2025-01-22,9375.0,525.0,2025-10-27,2025-11-15,Storms and Sailboats,Mahmoud Rafei
1034,Aya,Wahba,9.0,Nasr City,Active,2025-01-22,9114.0,516.0,2025-03-02,2025-03-17,The Beekeeper's Almanac,Hoda Bakry
1034,Aya,Wahba,9.0,Nasr City,Active,2025-01-22,9126.0,529.0,2024-10-22,2024-10-28,Riddles of the Red Sea,Sara Tantawy
1034,Aya,Wahba,9.0,Nasr City,Active,2025-01-22,9146.0,509.0,2025-02-23,2025-03-14,Marbles and Mirrors,Diaa Sultan
1034,Aya,Wahba,9.0,Nasr City,Active,2025-01-22,9180.0,529.0,2024-07-27,2024-08-02,Riddles of the Red Sea,Sara Tantawy
1034,Aya,Wahba,9.0,Nasr City,Active,2025-01-22,9133.0,519.0,2025-05-28,2025-06-24,Kites Over Cairo,Jasmine Wahdan
1034,Aya,Wahba,9.0,Nasr City,Active,2025-01-22,9109.0,512.0,2024-08-20,2024-09-14,The Cartographer's Cat,Farida Anwar
1034,Aya,Wahba,9.0,Nasr City,Active,2025-01-22,9180.0,529.0,2024-07-27,2024-08-02,Riddles of the Red Sea,Sara Tantawy
1034,Aya,Wahba,9.0,Nasr City,Active,2025-01-22,9135.0,506.0,2025-01-12,2025-01-28,The Paper Boat Club,Aya Hafez
1034,Aya,Wahba,9.0,Nasr City,Active,2025-01-22,9377.0,507.0,2025-03-25,2025-04-06,Fossils and Fireflies,Dalia Serry
1034,Aya,Wahba,9.0,Nasr City,Active,2025-01-22,9122.0,525.0,2025-06-04,2025-06-30,Storms and Sailboats,Mahmoud Rafei
1034,Aya,Wahba,9.0,Nasr City,Active,2025-01-22,9145.0,501.0,2025-11-10,2025-12-10,The Silver Kite,Amina Darwish
1034,Aya,Wahba,9.0,Nasr City,Active,2025-01-22,9106.0,501.0,2025-08-20,2025-08-27,The Silver Kite,Amina Darwish
1034,Aya,Wahba,9.0,Nasr City,Active,2025-01-22,9170.0,522.0,2025-10-16,2025-10-28,The Puzzle Merchant,Karim Elwy
1034,Aya,Wahba,9.0,Nasr City,Active,2025-01-22,9193.0,519.0,2024-09-15,2024-10-01,Kites Over Cairo,Jasmine Wahdan
1034,Aya,Wahba,9.0,Nasr City,Active,2025-01-22,9164.0,507.0,2024-12-02,2024-12-12,Fossils and Fireflies,Dalia Serry
1034,Aya,Wahba,9.0,Nasr City,Active,2025-01-22,9151.0,528.0,2025-04-25,2025-05-16,The Glass Beehive,Mona Kholoussy
1035,Karim,Fahmy,9.0,Nasr City,Inactive,2025-06-26,9132.0,511.0,2025-02-26,2025-03-13,Winter in Alexandria,Farida Anwar
1036,Lina,Zaki,7.0,Nasr City,Active,2025-08-05,9139.0,521.0,2024-03-14,2024-03-20,A Garden of Equations,Karim Elwy
1037,Retaj,Kamel,8.0,Nasr City,Inactive,2023-08-26,9182.0,525.0,2024-05-19,2024-06-03,Storms and Sailboats,Mahmoud Rafei
1037,Retaj,Kamel,8.0,Nasr City,Inactive,2023-08-26,9134.0,516.0,2025-09-08,2025-09-19,The Beekeeper's Almanac,Hoda Bakry
1038,Mai,Mansour,8.0,Nasr City,Active,2025-09-27,No Checkout,No Book,2025-07-11,2025-01-11,The Silver Kite,Amina Darwish
1039,Nada,Riad,7.0,Nasr City,Active,2025-01-22,9125.0,501.0,2025-06-17,2025-01-11,The Silver Kite,Amina Darwish
1039,Nada,Riad,7.0,Nasr City,Active,2025-01-22,9138.0,516.0,2025-08-22,2025-08-31,The Beekeeper's Almanac,Hoda Bakry
1040,Dina,Adel,9.0,Nasr City,Active,2025-12-26,9161.0,519.0,2025-10-11,2025-11-01,Kites Over Cairo,Jasmine Wahdan
1040,Dina,Adel,9.0,Nasr City,Active,2025-12-26,9158.0,513.0,2025-03-07,2025-03-24,Circuits for Beginners,Galal Mounir
1041,Nada,Rashad,7.0,Nasr City,Active,2024-04-02,9137.0,519.0,2025-07-27,2025-08-05,Kites Over Cairo,Jasmine Wahdan
1041,Nada,Rashad,7.0,Nasr City,Active,2024-04-02,9181.0,509.0,2025-03-24,2025-01-11,Marbles and Mirrors,Diaa Sultan
1042,Fares,Fahmy,8.0,Nasr City,Active,2023-01-19,No Checkout,No Book,2025-07-11,2025-01-11,The Silver Kite,Amina Darwish
1043,Rana,Halim,6.0,Heliopolis,Active,2025-02-28,No Checkout,No Book,2025-07-11,2025-01-11,The Silver Kite,Amina Darwish
1044,Sherif,Saleh,7.0,Heliopolis,Active,2024-02-19,9208.0,525.0,2024-07-10,2024-08-01,Storms and Sailboats,Mahmoud Rafei
1044,Sherif,Saleh,7.0,Heliopolis,Active,2024-02-19,9272.0,518.0,2025-01-24,2025-02-04,The Ninth Lighthouse,Hani Nagati
1044,Sherif,Saleh,7.0,Heliopolis,Active,2024-02-19,9218.0,532.0,2025-04-23,2025-05-04,The Last Bookmark,Samir Zohdy
1044,Sherif,Saleh,7.0,Heliopolis,Active,2024-02-19,9211.0,507.0,2025-04-28,2025-05-25,Fossils and Fireflies,Dalia Serry
1044,Sherif,Saleh,7.0,Heliopolis,Active,2024-02-19,9255.0,509.0,2025-05-24,2025-06-13,Marbles and Mirrors,Diaa Sultan
1044,Sherif,Saleh,7.0,Heliopolis,Active,2024-02-19,9271.0,513.0,2025-04-26,2025-05-06,Circuits for Beginners,Galal Mounir
1044,Sherif,Saleh,7.0,Heliopolis,Active,2024-02-19,9247.0,510.0,2025-02-01,2025-02-23,The Missing Metronome,Diaa Sultan
1044,Sherif,Saleh,7.0,Heliopolis,Active,2024-02-19,9228.0,516.0,2024-12-05,2024-12-26,The Beekeeper's Almanac,Hoda Bakry
1044,Sherif,Saleh,7.0,Heliopolis,Active,2024-02-19,9207.0,527.0,2025-10-20,2025-11-04,Notes from the Delta,Mona Kholoussy
1044,Sherif,Saleh,7.0,Heliopolis,Active,2024-02-19,9250.0,507.0,2025-08-05,2025-08-23,Fossils and Fireflies,Dalia Serry
1044,Sherif,Saleh,7.0,Heliopolis,Active,2024-02-19,9260.0,518.0,2025-07-03,2025-07-27,The Ninth Lighthouse,Hani Nagati
1044,Sherif,Saleh,7.0,Heliopolis,Active,2024-02-19,9245.0,519.0,2024-12-13,2024-12-21,Kites Over Cairo,Jasmine Wahdan
1044,Sherif,Saleh,7.0,Heliopolis,Active,2024-02-19,9215.0,507.0,2024-02-07,2025-01-11,Fossils and Fireflies,Dalia Serry
1044,Sherif,Saleh,7.0,Heliopolis,Active,2024-02-19,9212.0,512.0,2024-09-14,2025-01-11,The Cartographer's Cat,Farida Anwar
1044,Sherif,Saleh,7.0,Heliopolis,Active,2024-02-19,9226.0,519.0,2025-03-18,2025-01-11,Kites Over Cairo,Jasmine Wahdan
1044,Sherif,Saleh,7.0,Heliopolis,Active,2024-02-19,9246.0,529.0,2025-06-25,2025-07-04,Riddles of the Red Sea,Sara Tantawy
1044,Sherif,Saleh,7.0,Heliopolis,Active,2024-02-19,9210.0,507.0,2025-09-11,2025-09-29,Fossils and Fireflies,Dalia Serry
1044,Sherif,Saleh,7.0,Heliopolis,Active,2024-02-19,9248.0,514.0,2025-07-01,2025-07-18,The Robot in Row Nine,Galal Mounir
1044,Sherif,Saleh,7.0,Heliopolis,Active,2024-02-19,9281.0,525.0,2024-06-01,2024-06-12,Storms and Sailboats,Mahmoud Rafei
1044,Sherif,Saleh,7.0,Heliopolis,Active,2024-02-19,9232.0,513.0,2025-05-26,2025-06-11,Circuits for Beginners,Galal Mounir
1044,Sherif,Saleh,7.0,Heliopolis,Active,2024-02-19,9246.0,529.0,2025-06-25,2025-07-04,Riddles of the Red Sea,Sara Tantawy
1045,Sherif,Fahmy,6.0,Heliopolis,Active,2024-11-19,No Checkout,No Book,2025-07-11,2025-01-11,The Silver Kite,Amina Darwish
1046,Amir,Fouad,7.0,Heliopolis,Active,2025-12-11,9251.0,507.0,2024-06-09,2025-01-11,Fossils and Fireflies,Dalia Serry
1047,Sara,Rashad,8.0,Heliopolis,Inactive,2024-06-25,9263.0,517.0,2024-10-21,2024-11-07,Shadows on the Corniche,Hani Nagati
1047,Sara,Rashad,8.0,Heliopolis,Inactive,2024-06-25,9257.0,501.0,2024-10-18,2024-11-16,The Silver Kite,Amina Darwish
1047,Sara,Rashad,8.0,Heliopolis,Inactive,2024-06-25,9261.0,509.0,2025-09-02,2025-09-18,Marbles and Mirrors,Diaa Sultan
1047,Sara,Rashad,8.0,Heliopolis,Inactive,2024-06-25,9267.0,530.0,2024-12-05,2024-12-20,The Sandstone Key,Sara Tantawy
1047,Sara,Rashad,8.0,Heliopolis,Inactive,2024-06-25,9273.0,510.0,2024-12-07,2025-01-05,The Missing Metronome,Diaa Sultan
1047,Sara,Rashad,8.0,Heliopolis,Inactive,2024-06-25,9235.0,516.0,2024-02-16,2025-01-11,The Beekeeper's Almanac,Hoda Bakry
1047,Sara,Rashad,8.0,Heliopolis,Inactive,2024-06-25,9220.0,507.0,2025-08-04,2025-01-11,Fossils and Fireflies,Dalia Serry
1047,Sara,Rashad,8.0,Heliopolis,Inactive,2024-06-25,9217.0,530.0,2024-04-07,2025-01-11,The Sandstone Key,Sara Tantawy
1047,Sara,Rashad,8.0,Heliopolis,Inactive,2024-06-25,9275.0,507.0,2025-09-21,2025-10-08,Fossils and Fireflies,Dalia Serry
1047,Sara,Rashad,8.0,Heliopolis,Inactive,2024-06-25,9268.0,503.0,2025-06-16,2025-07-14,The Lantern Maker,Adel Roushdy
1047,Sara,Rashad,8.0,Heliopolis,Inactive,2024-06-25,9278.0,506.0,2024-03-12,2024-04-02,The Paper Boat Club,Aya Hafez
1047,Sara,Rashad,8.0,Heliopolis,Inactive,2024-06-25,9229.0,501.0,2025-11-16,2025-12-08,The Silver Kite,Amina Darwish
1047,Sara,Rashad,8.0,Heliopolis,Inactive,2024-06-25,9279.0,514.0,2025-07-06,2025-07-28,The Robot in Row Nine,Galal Mounir
1047,Sara,Rashad,8.0,Heliopolis,Inactive,2024-06-25,9242.0,520.0,2025-06-01,2025-07-01,The Copper Telescope,Jasmine Wahdan
1047,Sara,Rashad,8.0,Heliopolis,Inactive,2024-06-25,9219.0,506.0,2025-05-13,2025-06-07,The Paper Boat Club,Aya Hafez
1047,Sara,Rashad,8.0,Heliopolis,Inactive,2024-06-25,9202.0,506.0,2025-06-05,2025-07-03,The Paper Boat Club,Aya Hafez
1048,Youssef,Kamel,6.0,Heliopolis,Active,2023-09-07,No Checkout,No Book,2025-07-11,2025-01-11,The Silver Kite,Amina Darwish
1049,Ahmed,Gamal,6.0,Heliopolis,Active,2023-06-10,9265.0,513.0,2024-08-12,2024-09-10,Circuits for Beginners,Galal Mounir
1050,Fares,Adel,6.0,Heliopolis,Inactive,2025-09-10,9206.0,519.0,2024-03-17,2025-01-11,Kites Over Cairo,Jasmine Wahdan
1050,Fares,Adel,6.0,Heliopolis,Inactive,2025-09-10,9222.0,505.0,2024-01-09,2024-02-01,Letters to the Nile,Aya Hafez
1050,Fares,Adel,6.0,Heliopolis,Inactive,2025-09-10,9213.0,501.0,2024-05-07,2024-05-14,The Silver Kite,Amina Darwish
1050,Fares,Adel,6.0,Heliopolis,Inactive,2025-09-10,9240.0,525.0,2025-07-25,2025-08-24,Storms and Sailboats,Mahmoud Rafei
1050,Fares,Adel,6.0,Heliopolis,Inactive,2025-09-10,9216.0,519.0,2024-08-07,2025-01-11,Kites Over Cairo,Jasmine Wahdan
1050,Fares,Adel,6.0,Heliopolis,Inactive,2025-09-10,9276.0,514.0,2025-06-28,2025-07-08,The Robot in Row Nine,Galal Mounir
1050,Fares,Adel,6.0,Heliopolis,Inactive,2025-09-10,9230.0,501.0,2025-09-10,2025-10-07,The Silver Kite,Amina Darwish
1050,Fares,Adel,6.0,Heliopolis,Inactive,2025-09-10,9258.0,529.0,2025-12-07,2025-12-21,Riddles of the Red Sea,Sara Tantawy
1050,Fares,Adel,6.0,Heliopolis,Inactive,2025-09-10,9244.0,507.0,2025-04-23,2025-05-06,Fossils and Fireflies,Dalia Serry
1050,Fares,Adel,6.0,Heliopolis,Inactive,2025-09-10,9239.0,519.0,2025-02-10,2025-02-22,Kites Over Cairo,Jasmine Wahdan
1050,Fares,Adel,6.0,Heliopolis,Inactive,2025-09-10,9223.0,510.0,2024-04-11,2024-05-04,The Missing Metronome,Diaa Sultan
1051,Karim,Rashad,8.0,Heliopolis,Active,2023-02-24,No Checkout,No Book,2025-07-11,2025-01-11,The Silver Kite,Amina Darwish
1052,Retaj,Adel,7.0,Heliopolis,Active,2025-06-07,9236.0,507.0,2024-09-02,2024-09-29,Fossils and Fireflies,Dalia Serry
1053,Adam,Shafik,9.0,Heliopolis,Active,2024-01-03,9231.0,523.0,2024-02-04,2024-02-16,Footsteps in the Dust,Laila Shokry
1053,Adam,Shafik,9.0,Heliopolis,Active,2024-01-03,9234.0,525.0,2024-02-13,2024-03-06,Storms and Sailboats,Mahmoud Rafei
1053,Adam,Shafik,9.0,Heliopolis,Active,2024-01-03,9205.0,525.0,2024-12-02,2024-12-14,Storms and Sailboats,Mahmoud Rafei
1053,Adam,Shafik,9.0,Heliopolis,Active,2024-01-03,9266.0,519.0,2024-06-01,2024-06-15,Kites Over Cairo,Jasmine Wahdan
1053,Adam,Shafik,9.0,Heliopolis,Active,2024-01-03,9199.0,518.0,2024-11-28,2024-12-08,The Ninth Lighthouse,Hani Nagati
1054,Retaj,Fahmy,6.0,Heliopolis,Inactive,2024-03-21,9269.0,507.0,2025-01-26,2025-01-31,Fossils and Fireflies,Dalia Serry
1054,Retaj,Fahmy,6.0,Heliopolis,Inactive,2024-03-21,9280.0,517.0,2024-09-06,2024-09-15,Shadows on the Corniche,Hani Nagati
1054,Retaj,Fahmy,6.0,Heliopolis,Inactive,2024-03-21,9274.0,522.0,2024-09-06,2024-09-17,The Puzzle Merchant,Karim Elwy
1054,Retaj,Fahmy,6.0,Heliopolis,Inactive,2024-03-21,9262.0,524.0,2024-02-25,2024-03-22,The Weaver's Daughter,Laila Shokry
1054,Retaj,Fahmy,6.0,Heliopolis,Inactive,2024-03-21,9252.0,513.0,2024-08-04,2024-08-09,Circuits for Beginners,Galal Mounir
1054,Retaj,Fahmy,6.0,Heliopolis,Inactive,2024-03-21,9280.0,517.0,2024-09-06,2024-09-15,Shadows on the Corniche,Hani Nagati
1055,Mostafa,Kamel,9.0,Heliopolis,Active,2025-01-04,9201.0,531.0,2025-11-24,2025-12-16,Voices in the Library,Samir Zohdy
1055,Mostafa,Kamel,9.0,Heliopolis,Active,2025-01-04,9221.0,520.0,2025-04-12,2025-04-18,The Copper Telescope,Jasmine Wahdan
1056,Farida,Osman,6.0,Heliopolis,Active,2024-10-18,No Checkout,No Book,2025-07-11,2025-01-11,The Silver Kite,Amina Darwish
1057,Ahmed,Fahmy,8.0,Heliopolis,Active,2024-01-12,9238.0,513.0,2024-03-28,2024-04-08,Circuits for Beginners,Galal Mounir
1057,Ahmed,Fahmy,8.0,Heliopolis,Active,2024-01-12,9249.0,519.0,2024-10-17,2024-11-03,Kites Over Cairo,Jasmine Wahdan
1057,Ahmed,Fahmy,8.0,Heliopolis,Active,2024-01-12,9237.0,513.0,2024-02-22,2025-01-11,Circuits for Beginners,Galal Mounir
1057,Ahmed,Fahmy,8.0,Heliopolis,Active,2024-01-12,9259.0,501.0,2025-11-16,2025-11-30,The Silver Kite,Amina Darwish
1057,Ahmed,Fahmy,8.0,Heliopolis,Active,2024-01-12,9270.0,517.0,2024-12-08,2024-12-30,Shadows on the Corniche,Hani Nagati
1057,Ahmed,Fahmy,8.0,Heliopolis,Active,2024-01-12,9224.0,513.0,2025-05-25,2025-01-11,Circuits for Beginners,Galal Mounir
1057,Ahmed,Fahmy,8.0,Heliopolis,Active,2024-01-12,9203.0,501.0,2025-10-25,2025-01-11,The Silver Kite,Amina Darwish
1057,Ahmed,Fahmy,8.0,Heliopolis,Active,2024-01-12,9204.0,506.0,2024-02-20,2024-03-15,The Paper Boat Club,Aya Hafez
1057,Ahmed,Fahmy,8.0,Heliopolis,Active,2024-01-12,9282.0,530.0,2025-07-22,2025-08-18,The Sandstone Key,Sara Tantawy
1057,Ahmed,Fahmy,8.0,Heliopolis,Active,2024-01-12,9277.0,519.0,2025-10-19,2025-10-28,Kites Over Cairo,Jasmine Wahdan
1058,Lina,Mansour,8.0,Heliopolis,Active,2025-07-20,9209.0,525.0,2024-11-22,2024-12-12,Storms and Sailboats,Mahmoud Rafei
1058,Lina,Mansour,8.0,Heliopolis,Active,2025-07-20,9214.0,525.0,2024-09-24,2025-01-11,Storms and Sailboats,Mahmoud Rafei
1058,Lina,Mansour,8.0,Heliopolis,Active,2025-07-20,9253.0,507.0,2025-06-15,2025-07-10,Fossils and Fireflies,Dalia Serry
1059,Lina,Halim,7.0,Heliopolis,Active,2024-01-06,9225.0,516.0,2025-08-06,2025-08-22,The Beekeeper's Almanac,Hoda Bakry
1059,Lina,Halim,7.0,Heliopolis,Active,2024-01-06,9256.0,521.0,2025-07-09,2025-01-11,A Garden of Equations,Karim Elwy
1059,Lina,Halim,7.0,Heliopolis,Active,2024-01-06,9241.0,519.0,2025-01-04,2025-01-11,Kites Over Cairo,Jasmine Wahdan
1059,Lina,Halim,7.0,Heliopolis,Active,2024-01-06,9227.0,513.0,2024-11-02,2024-11-20,Circuits for Beginners,Galal Mounir
1059,Lina,Halim,7.0,Heliopolis,Active,2024-01-06,9264.0,507.0,2025-02-01,2025-02-13,Fossils and Fireflies,Dalia Serry
1059,Lina,Halim,7.0,Heliopolis,Active,2024-01-06,9254.0,501.0,2025-10-23,2025-11-07,The Silver Kite,Amina Darwish
1059,Lina,Halim,7.0,Heliopolis,Active,2024-01-06,9233.0,512.0,2024-12-08,2024-12-15,The Cartographer's Cat,Farida Anwar
1060,Layla,Wahba,7.0,Heliopolis,Active,2024-03-26,9200.0,509.0,2024-12-08,2025-01-11,Marbles and Mirrors,Diaa Sultan
1060,Layla,Wahba,7.0,Heliopolis,Active,2024-03-26,9243.0,513.0,2025-09-13,2025-10-09,Circuits for Beginners,Galal Mounir
1061,Ziad,Fahmy,9.0,Zamalek,Inactive,2023-04-27,9302.0,507.0,2024-06-22,2025-01-11,Fossils and Fireflies,Dalia Serry
1061,Ziad,Fahmy,9.0,Zamalek,Inactive,2023-04-27,9322.0,510.0,2025-10-20,2025-11-15,The Missing Metronome,Diaa Sultan
1061,Ziad,Fahmy,9.0,Zamalek,Inactive,2023-04-27,9317.0,507.0,2024-01-26,2024-02-09,Fossils and Fireflies,Dalia Serry
1061,Ziad,Fahmy,9.0,Zamalek,Inactive,2023-04-27,9324.0,529.0,2025-03-12,2025-04-10,Riddles of the Red Sea,Sara Tantawy
1061,Ziad,Fahmy,9.0,Zamalek,Inactive,2023-04-27,9303.0,509.0,2025-12-23,2026-01-10,Marbles and Mirrors,Diaa Sultan
1061,Ziad,Fahmy,9.0,Zamalek,Inactive,2023-04-27,9336.0,528.0,2024-04-18,2024-05-15,The Glass Beehive,Mona Kholoussy
1061,Ziad,Fahmy,9.0,Zamalek,Inactive,2023-04-27,9295.0,513.0,2025-12-12,2026-01-01,Circuits for Beginners,Galal Mounir
1061,Ziad,Fahmy,9.0,Zamalek,Inactive,2023-04-27,9300.0,528.0,2024-08-15,2024-09-02,The Glass Beehive,Mona Kholoussy
1062,Tarek,Adel,7.0,Zamalek,Active,2023-01-22,9326.0,501.0,2024-08-15,2024-08-21,The Silver Kite,Amina Darwish
1062,Tarek,Adel,7.0,Zamalek,Active,2023-01-22,9332.0,522.0,2024-07-03,2025-01-11,The Puzzle Merchant,Karim Elwy
1062,Tarek,Adel,7.0,Zamalek,Active,2023-01-22,9301.0,519.0,2024-11-10,2024-11-23,Kites Over Cairo,Jasmine Wahdan
1062,Tarek,Adel,7.0,Zamalek,Active,2023-01-22,9379.0,501.0,2024-12-18,2024-12-26,The Silver Kite,Amina Darwish
1062,Tarek,Adel,7.0,Zamalek,Active,2023-01-22,9329.0,513.0,2025-03-06,2025-01-11,Circuits for Beginners,Galal Mounir
1062,Tarek,Adel,7.0,Zamalek,Active,2023-01-22,9284.0,513.0,2025-09-27,2025-10-26,Circuits for Beginners,Galal Mounir
1062,Tarek,Adel,7.0,Zamalek,Active,2023-01-22,9305.0,519.0,2024-01-23,2024-01-31,Kites Over Cairo,Jasmine Wahdan
1063,Layla,Fouad,6.0,Zamalek,Active,2024-06-21,No Checkout,No Book,2025-07-11,2025-01-11,The Silver Kite,Amina Darwish
1064,Fares,Sabry,6.0,Zamalek,Active,2023-05-06,No Checkout,No Book,2025-07-11,2025-01-11,The Silver Kite,Amina Darwish
1065,Adam,Fahmy,6.0,Zamalek,Active,2025-07-12,9319.0,515.0,2025-02-10,2025-02-21,Songs of the Oasis,Hoda Bakry
1065,Adam,Fahmy,6.0,Zamalek,Active,2025-07-12,9291.0,526.0,2024-03-25,2024-03-31,The Clockwork Orchard,Mahmoud Rafei
1065,Adam,Fahmy,6.0,Zamalek,Active,2025-07-12,9288.0,519.0,2025-03-20,2025-03-31,Kites Over Cairo,Jasmine Wahdan
1065,Adam,Fahmy,6.0,Zamalek,Active,2025-07-12,9316.0,513.0,2024-08-25,2024-09-17,Circuits for Beginners,Galal Mounir
1065,Adam,Fahmy,6.0,Zamalek,Active,2025-07-12,9296.0,501.0,2024-12-15,2025-01-11,The Silver Kite,Amina Darwish
1065,Adam,Fahmy,6.0,Zamalek,Active,2025-07-12,9341.0,516.0,2025-02-19,2025-03-09,The Beekeeper's Almanac,Hoda Bakry
1065,Adam,Fahmy,6.0,Zamalek,Active,2025-07-12,9331.0,525.0,2025-02-17,2025-02-23,Storms and Sailboats,Mahmoud Rafei
1065,Adam,Fahmy,6.0,Zamalek,Active,2025-07-12,9290.0,519.0,2025-10-09,2025-01-11,Kites Over Cairo,Jasmine Wahdan
1065,Adam,Fahmy,6.0,Zamalek,Active,2025-07-12,9297.0,501.0,2025-04-14,2025-01-11,The Silver Kite,Amina Darwish
1065,Adam,Fahmy,6.0,Zamalek,Active,2025-07-12,9298.0,507.0,2025-06-18,2025-07-11,Fossils and Fireflies,Dalia Serry
1065,Adam,Fahmy,6.0,Zamalek,Active,2025-07-12,9287.0,532.0,2024-04-26,2024-05-23,The Last Bookmark,Samir Zohdy
1065,Adam,Fahmy,6.0,Zamalek,Active,2025-07-12,9327.0,513.0,2025-03-09,2025-04-01,Circuits for Beginners,Galal Mounir
1065,Adam,Fahmy,6.0,Zamalek,Active,2025-07-12,9296.0,501.0,2024-12-15,2025-01-11,The Silver Kite,Amina Darwish
1065,Adam,Fahmy,6.0,Zamalek,Active,2025-07-12,9334.0,507.0,2025-12-20,2026-01-05,Fossils and Fireflies,Dalia Serry
1065,Adam,Fahmy,6.0,Zamalek,Active,2025-07-12,9334.0,507.0,2025-12-20,2026-01-05,Fossils and Fireflies,Dalia Serry
1065,Adam,Fahmy,6.0,Zamalek,Active,2025-07-12,9311.0,507.0,2025-06-26,2025-07-09,Fossils and Fireflies,Dalia Serry
1065,Adam,Fahmy,6.0,Zamalek,Active,2025-07-12,9335.0,513.0,2024-12-18,2024-12-30,Circuits for Beginners,Galal Mounir
1066,Amir,Wahba,6.0,Zamalek,Active,2024-10-07,No Checkout,No Book,2025-07-11,2025-01-11,The Silver Kite,Amina Darwish
1067,Aya,Ibrahim,7.0,Zamalek,Inactive,2024-07-03,9318.0,513.0,2025-07-23,2025-08-17,Circuits for Beginners,Galal Mounir
1067,Aya,Ibrahim,7.0,Zamalek,Inactive,2024-07-03,9294.0,507.0,2024-11-26,2025-01-11,Fossils and Fireflies,Dalia Serry
1067,Aya,Ibrahim,7.0,Zamalek,Inactive,2024-07-03,9310.0,511.0,2024-02-04,2024-02-12,Winter in Alexandria,Farida Anwar
1068,Layla,Hegazy,8.0,Zamalek,Inactive,2025-02-24,9342.0,501.0,2025-05-28,2025-06-27,The Silver Kite,Amina Darwish
1068,Layla,Hegazy,8.0,Zamalek,Inactive,2025-02-24,9304.0,519.0,2024-04-16,2024-05-09,Kites Over Cairo,Jasmine Wahdan
1068,Layla,Hegazy,8.0,Zamalek,Inactive,2025-02-24,9313.0,507.0,2024-12-13,2024-12-19,Fossils and Fireflies,Dalia Serry
1068,Layla,Hegazy,8.0,Zamalek,Inactive,2025-02-24,9309.0,511.0,2024-11-24,2024-12-12,Winter in Alexandria,Farida Anwar
1068,Layla,Hegazy,8.0,Zamalek,Inactive,2025-02-24,9312.0,506.0,2025-12-01,2025-01-11,The Paper Boat Club,Aya Hafez
1068,Layla,Hegazy,8.0,Zamalek,Inactive,2025-02-24,9315.0,501.0,2024-06-11,2024-07-04,The Silver Kite,Amina Darwish
1069,Bassel,Adel,9.0,Zamalek,Active,2025-01-22,No Checkout,No Book,2025-07-11,2025-01-11,The Silver Kite,Amina Darwish
1070,Ahmed,Zaki,9.0,Zamalek,Active,2025-07-22,9383.0,501.0,2024-07-11,2024-07-31,The Silver Kite,Amina Darwish
1070,Ahmed,Zaki,9.0,Zamalek,Active,2025-07-22,9328.0,501.0,2024-01-28,2025-01-11,The Silver Kite,Amina Darwish
1070,Ahmed,Zaki,9.0,Zamalek,Active,2025-07-22,9321.0,501.0,2025-12-28,2026-01-09,The Silver Kite,Amina Darwish
1071,Jana,Hegazy,8.0,Zamalek,Active,2024-09-27,9285.0,513.0,2025-02-24,2025-01-11,Circuits for Beginners,Galal Mounir
1071,Jana,Hegazy,8.0,Zamalek,Active,2024-09-27,9293.0,525.0,2025-08-05,2025-08-18,Storms and Sailboats,Mahmoud Rafei
1072,Seif,Zaki,9.0,Zamalek,Active,2025-10-21,9340.0,513.0,2025-08-24,2025-09-01,Circuits for Beginners,Galal Mounir
1072,Seif,Zaki,9.0,Zamalek,Active,2025-10-21,9283.0,513.0,2025-09-17,2025-09-25,Circuits for Beginners,Galal Mounir
1072,Seif,Zaki,9.0,Zamalek,Active,2025-10-21,9333.0,520.0,2025-06-03,2025-06-08,The Copper Telescope,Jasmine Wahdan
1072,Seif,Zaki,9.0,Zamalek,Active,2025-10-21,9323.0,519.0,2024-01-23,2024-01-28,Kites Over Cairo,Jasmine Wahdan
1072,Seif,Zaki,9.0,Zamalek,Active,2025-10-21,9337.0,529.0,2024-11-13,2025-01-11,Riddles of the Red Sea,Sara Tantawy
1072,Seif,Zaki,9.0,Zamalek,Active,2025-10-21,9286.0,507.0,2024-08-09,2024-08-16,Fossils and Fireflies,Dalia Serry
1072,Seif,Zaki,9.0,Zamalek,Active,2025-10-21,9338.0,501.0,2024-07-16,2025-01-11,The Silver Kite,Amina Darwish
1072,Seif,Zaki,9.0,Zamalek,Active,2025-10-21,9307.0,501.0,2025-06-10,2025-07-09,The Silver Kite,Amina Darwish
1072,Seif,Zaki,9.0,Zamalek,Active,2025-10-21,9330.0,513.0,2025-04-11,2025-05-09,Circuits for Beginners,Galal Mounir
1072,Seif,Zaki,9.0,Zamalek,Active,2025-10-21,9325.0,519.0,2024-01-11,2025-01-11,Kites Over Cairo,Jasmine Wahdan
1072,Seif,Zaki,9.0,Zamalek,Active,2025-10-21,9314.0,522.0,2024-08-13,2024-09-02,The Puzzle Merchant,Karim Elwy
1072,Seif,Zaki,9.0,Zamalek,Active,2025-10-21,9299.0,521.0,2024-01-04,2024-01-23,A Garden of Equations,Karim Elwy
1072,Seif,Zaki,9.0,Zamalek,Active,2025-10-21,9289.0,522.0,2025-09-09,2025-09-19,The Puzzle Merchant,Karim Elwy
1072,Seif,Zaki,9.0,Zamalek,Active,2025-10-21,9308.0,525.0,2024-02-17,2024-03-12,Storms and Sailboats,Mahmoud Rafei
1073,Yassin,Kamel,7.0,Zamalek,Inactive,2025-08-26,9320.0,501.0,2025-07-19,2025-08-13,The Silver Kite,Amina Darwish
1073,Yassin,Kamel,7.0,Zamalek,Inactive,2025-08-26,9339.0,501.0,2025-02-02,2025-01-11,The Silver Kite,Amina Darwish
1074,Mostafa,Saleh,8.0,Zamalek,Active,2025-11-21,9292.0,525.0,2024-12-28,2025-01-06,Storms and Sailboats,Mahmoud Rafei
1074,Mostafa,Saleh,8.0,Zamalek,Active,2025-11-21,9306.0,510.0,2024-08-03,2024-08-10,The Missing Metronome,Diaa Sultan
1075,Malak,Fahmy,7.0,Shubra,Active,2024-10-28,9355.0,515.0,2024-11-10,2024-12-02,Songs of the Oasis,Hoda Bakry
1075,Malak,Fahmy,7.0,Shubra,Active,2024-10-28,9348.0,532.0,2024-07-28,2024-08-25,The Last Bookmark,Samir Zohdy
1075,Malak,Fahmy,7.0,Shubra,Active,2024-10-28,9365.0,501.0,2024-01-17,2024-02-01,The Silver Kite,Amina Darwish
1075,Malak,Fahmy,7.0,Shubra,Active,2024-10-28,9343.0,529.0,2024-10-04,2024-10-14,Riddles of the Red Sea,Sara Tantawy
1075,Malak,Fahmy,7.0,Shubra,Active,2024-10-28,9347.0,519.0,2025-07-17,2025-07-31,Kites Over Cairo,Jasmine Wahdan
1075,Malak,Fahmy,7.0,Shubra,Active,2024-10-28,9345.0,507.0,2025-02-03,2025-03-01,Fossils and Fireflies,Dalia Serry
1075,Malak,Fahmy,7.0,Shubra,Active,2024-10-28,9353.0,528.0,2025-12-13,2025-12-30,The Glass Beehive,Mona Kholoussy
1075,Malak,Fahmy,7.0,Shubra,Active,2024-10-28,9351.0,514.0,2024-01-03,2024-01-28,The Robot in Row Nine,Galal Mounir
1075,Malak,Fahmy,7.0,Shubra,Active,2024-10-28,9361.0,524.0,2024-04-19,2025-01-11,The Weaver's Daughter,Laila Shokry
1076,Dina,Wahba,7.0,Shubra,Active,2025-12-13,9369.0,501.0,2025-06-05,2025-01-11,The Silver Kite,Amina Darwish
1076,Dina,Wahba,7.0,Shubra,Active,2025-12-13,9372.0,519.0,2025-03-06,2025-04-02,Kites Over Cairo,Jasmine Wahdan
1076,Dina,Wahba,7.0,Shubra,Active,2025-12-13,9344.0,507.0,2024-09-12,2025-01-11,Fossils and Fireflies,Dalia Serry
1076,Dina,Wahba,7.0,Shubra,Active,2025-12-13,9382.0,507.0,2025-02-26,2025-03-08,Fossils and Fireflies,Dalia Serry
1076,Dina,Wahba,7.0,Shubra,Active,2025-12-13,9356.0,501.0,2025-03-14,2025-04-13,The Silver Kite,Amina Darwish
1076,Dina,Wahba,7.0,Shubra,Active,2025-12-13,9346.0,519.0,2024-04-27,2025-01-11,Kites Over Cairo,Jasmine Wahdan
1076,Dina,Wahba,7.0,Shubra,Active,2025-12-13,9352.0,501.0,2025-02-02,2025-01-11,The Silver Kite,Amina Darwish
1077,Lina,Rashad,6.0,Shubra,Active,2023-07-08,9360.0,520.0,2024-03-04,2024-03-16,The Copper Telescope,Jasmine Wahdan
1077,Lina,Rashad,6.0,Shubra,Active,2023-07-08,9357.0,516.0,2024-07-26,2024-08-15,The Beekeeper's Almanac,Hoda Bakry
1077,Lina,Rashad,6.0,Shubra,Active,2023-07-08,9358.0,513.0,2025-07-09,2025-07-24,Circuits for Beginners,Galal Mounir
1077,Lina,Rashad,6.0,Shubra,Active,2023-07-08,9349.0,501.0,2024-03-04,2024-04-02,The Silver Kite,Amina Darwish
1077,Lina,Rashad,6.0,Shubra,Active,2023-07-08,9364.0,513.0,2024-08-18,2024-09-07,Circuits for Beginners,Galal Mounir
1077,Lina,Rashad,6.0,Shubra,Active,2023-07-08,9359.0,501.0,2025-01-26,2025-01-11,The Silver Kite,Amina Darwish
1078,Habiba,Osman,7.0,Shubra,Inactive,2023-08-05,No Checkout,No Book,2025-07-11,2025-01-11,The Silver Kite,Amina Darwish
1079,Rana,Osman,8.0,Shubra,Active,2024-10-27,9370.0,511.0,2025-11-11,2025-12-03,Winter in Alexandria,Farida Anwar
1079,Rana,Osman,8.0,Shubra,Active,2024-10-27,9366.0,503.0,2024-06-23,2024-07-23,The Lantern Maker,Adel Roushdy
1079,Rana,Osman,8.0,Shubra,Active,2024-10-27,9371.0,528.0,2025-04-22,2025-05-02,The Glass Beehive,Mona Kholoussy
1079,Rana,Osman,8.0,Shubra,Active,2024-10-27,9354.0,502.0,2024-03-09,2024-03-18,Desert Compass,Amina Darwish
1079,Rana,Osman,8.0,Shubra,Active,2024-10-27,9362.0,507.0,2024-03-08,2024-04-07,Fossils and Fireflies,Dalia Serry
1079,Rana,Osman,8.0,Shubra,Active,2024-10-27,9363.0,507.0,2024-12-23,2025-01-15,Fossils and Fireflies,Dalia Serry
1079,Rana,Osman,8.0,Shubra,Active,2024-10-27,9368.0,525.0,2025-02-12,2025-03-10,Storms and Sailboats,Mahmoud Rafei
1079,Rana,Osman,8.0,Shubra,Active,2024-10-27,9381.0,507.0,2025-05-30,2025-06-18,Fossils and Fireflies,Dalia Serry
1079,Rana,Osman,8.0,Shubra,Active,2024-10-27,9367.0,507.0,2024-03-19,2024-03-28,Fossils and Fireflies,Dalia Serry
1079,Rana,Osman,8.0,Shubra,Active,2024-10-27,9373.0,508.0,2024-03-20,2024-04-19,The Quiet Observatory,Dalia Serry
1080,Bassel,Wahba,9.0,Shubra,Active,2023-12-28,9350.0,501.0,2025-06-22,2025-07-17,The Silver Kite,Amina Darwish
1080,Bassel,Wahba,9.0,Shubra,Active,2023-12-28,9374.0,505.0,2024-08-05,2024-08-12,Letters to the Nile,Aya Hafez
1026,Ahmed,Fahmy,8.0,Nasr City,Active,2025-01-22,No Checkout,522.0,2025-07-11,2025-01-11,The Silver Kite,Amina Darwish
1049,Ahmed,Fahmy,8.0,Nasr City,Active,2025-01-22,No Checkout,520.0,2025-07-11,2025-01-11,The Silver Kite,Amina Darwish
1062,Ahmed,Fahmy,8.0,Nasr City,Active,2025-01-22,No Checkout,525.0,2025-07-05,2025-01-11,The Silver Kite,Amina Darwish
1065,Ahmed,Fahmy,8.0,Nasr City,Active,2025-01-22,No Checkout,520.0,2025-07-07,2025-01-11,The Silver Kite,Amina Darwish
1009,Ahmed,Fahmy,8.0,Nasr City,Active,2025-01-22,No Checkout,503.0,2025-07-09,2025-01-11,The Silver Kite,Amina Darwish
1063,Ahmed,Fahmy,8.0,Nasr City,Active,2025-01-22,No Checkout,522.0,2025-07-07,2025-01-11,The Silver Kite,Amina Darwish
1022,Ahmed,Fahmy,8.0,Nasr City,Active,2025-01-22,No Checkout,511.0,2025-07-12,2025-01-11,The Silver Kite,Amina Darwish
1029,Ahmed,Fahmy,8.0,Nasr City,Active,2025-01-22,No Checkout,523.0,2025-07-09,2025-01-11,The Silver Kite,Amina Darwish
1005,Ahmed,Fahmy,8.0,Nasr City,Active,2025-01-22,No Checkout,513.0,2025-07-10,2025-01-11,The Silver Kite,Amina Darwish
1058,Ahmed,Fahmy,8.0,Nasr City,Active,2025-01-22,No Checkout,518.0,2025-07-08,2025-01-11,The Silver Kite,Amina Darwish
1002,Ahmed,Fahmy,8.0,Nasr City,Active,2025-01-22,No Checkout,521.0,2025-07-08,2025-01-11,The Silver Kite,Amina Darwish
1041,Ahmed,Fahmy,8.0,Nasr City,Active,2025-01-22,No Checkout,504.0,2025-07-05,2025-01-11,The Silver Kite,Amina Darwish
1055,Ahmed,Fahmy,8.0,Nasr City,Active,2025-01-22,No Checkout,526.0,2025-07-11,2025-01-11,The Silver Kite,Amina Darwish
1061,Ahmed,Fahmy,8.0,Nasr City,Active,2025-01-22,No Checkout,513.0,2025-07-06,2025-01-11,The Silver Kite,Amina Darwish
1012,Ahmed,Fahmy,8.0,Nasr City,Active,2025-01-22,No Checkout,509.0,2025-07-11,2025-01-11,The Silver Kite,Amina Darwish
1007,Ahmed,Fahmy,8.0,Nasr City,Active,2025-01-22,No Checkout,510.0,2025-07-07,2025-01-11,The Silver Kite,Amina Darwish
1073,Ahmed,Fahmy,8.0,Nasr City,Active,2025-01-22,No Checkout,530.0,2025-07-07,2025-01-11,The Silver Kite,Amina Darwish
1003,Ahmed,Fahmy,8.0,Nasr City,Active,2025-01-22,No Checkout,501.0,2025-07-08,2025-01-11,The Silver Kite,Amina Darwish
1017,Ahmed,Fahmy,8.0,Nasr City,Active,2025-01-22,No Checkout,507.0,2025-07-11,2025-01-11,The Silver Kite,Amina Darwish
1061,Ahmed,Fahmy,8.0,Nasr City,Active,2025-01-22,No Checkout,504.0,2025-07-06,2025-01-11,The Silver Kite,Amina Darwish
1041,Ahmed,Fahmy,8.0,Nasr City,Active,2025-01-22,No Checkout,512.0,2025-07-06,2025-01-11,The Silver Kite,Amina Darwish
